<?xml version="1.0" encoding="UTF-8"?>
<ApexPage xmlns="http://soap.sforce.com/2006/04/metadata">
    <apiVersion>46.0</apiVersion>
    <availableInTouch>false</availableInTouch>
    <confirmationTokenRequired>false</confirmationTokenRequired>
    <description>Default Lightning Platform Authorization Required page</description>
    <label>Unauthorized</label>
    <packageVersions>
        <majorNumber>1</majorNumber>
        <minorNumber>1</minorNumber>
        <namespace>CC_QAppt</namespace>
    </packageVersions>
    <packageVersions>
        <majorNumber>1</majorNumber>
        <minorNumber>5</minorNumber>
        <namespace>CC_Sketch</namespace>
    </packageVersions>
    <packageVersions>
        <majorNumber>1</majorNumber>
        <minorNumber>4</minorNumber>
        <namespace>agentScript</namespace>
    </packageVersions>
    <packageVersions>
        <majorNumber>1</majorNumber>
        <minorNumber>7</minorNumber>
        <namespace>sf_com_apps</namespace>
    </packageVersions>
    <packageVersions>
        <majorNumber>1</majorNumber>
        <minorNumber>0</minorNumber>
        <namespace>vfv</namespace>
    </packageVersions>
    <packageVersions>
        <majorNumber>1</majorNumber>
        <minorNumber>9</minorNumber>
        <namespace>vish_file</namespace>
    </packageVersions>
</ApexPage>
